轨迹ID,圈号,时间(ms),波位,方位(度),距离(m),俯仰(度),高度(m),径向速度(m/s),SNR,RCS,X(m),Y(m),Z(m)
0,83,1131184,8,43.3982,5152.92,0.9159,82.37,-0.5461,55,1.000000e+02,3539.9,3743.6,82.4
0,83,1131184,8,46.9715,5300.65,1.6068,148.63,-6.5529,25,7.178800e+01,3873.3,3615.5,148.6
0,84,1133972,8,46.2714,5323.30,0.3896,36.19,-7.0990,20,2.611640e+01,3846.6,3679.6,36.2
0,85,1136760,8,45.3133,5345.26,1.3525,126.16,-8.1911,24,3.200970e+01,3799.2,3757.9,126.2
0,87,1142336,8,46.3642,5081.32,0.0202,1.79,-0.5461,55,1.000000e+02,3677.6,3506.5,1.8
0,87,1142336,8,42.3728,5199.47,0.1476,13.40,41.5016,15,5.916250e+00,3504.2,3841.2,13.4
0,88,1145124,8,44.7871,5436.63,1.1397,108.14,-10.1024,24,4.480610e+01,3829.2,3857.8,108.1
0,88,1145124,8,43.3718,4893.76,1.2644,107.98,-11.7406,15,2.880820e+00,3359.9,3556.5,108.0
0,89,1147912,8,44.3505,5465.58,0.9919,94.62,-8.4642,14,7.807240e+00,3820.1,3907.7,94.6
0,90,1150700,8,42.2285,5320.94,1.4913,138.48,10.1024,14,7.467430e+00,3574.9,3938.7,138.5
0,91,1153488,8,42.7753,5200.39,0.7684,69.74,-6.8259,21,3.050160e+01,3531.4,3816.9,69.7
0,92,1156276,8,42.7416,5203.67,1.5340,139.30,2.4573,23,3.710350e+01,3530.4,3820.3,139.3
0,92,1156276,8,43.9894,5440.38,0.4405,41.83,10.6484,21,5.083290e+01,3778.4,3914.1,41.8
0,93,1159064,8,43.1117,4911.91,0.7150,61.30,-7.0990,22,3.626930e+01,3356.7,3585.5,61.3
0,95,1164640,8,48.0866,5153.09,0.3652,32.85,0.8191,36,1.000000e+02,3834.6,3442.2,32.8
0,96,1167592,9,49.1419,5060.42,5.7474,506.77,3.5495,21,1.614960e+01,3808.1,3293.8,506.8
0,97,1170380,9,51.8848,5271.05,4.2968,394.92,-3.0034,17,1.175960e+01,4135.5,3244.4,394.9
0,99,1175792,8,49.0514,5152.17,0.5531,49.73,0.8191,33,1.000000e+02,3891.2,3376.5,49.7
0,99,1175792,8,47.0562,5346.65,0.4222,39.39,-5.4607,25,9.215610e+01,3913.8,3642.5,39.4
0,101,1181368,8,42.3306,5374.93,1.4184,133.04,-4.6416,17,1.187420e+01,3618.4,3972.3,133.0
0,102,1184156,8,42.7033,5249.43,1.3753,125.99,-5.4607,21,2.586520e+01,3559.1,3856.6,126.0
0,104,1189732,8,46.9427,5153.53,0.2641,23.75,0.5461,52,1.000000e+02,3765.5,3518.4,23.8
0,104,1189732,8,42.5054,5395.12,0.8521,80.23,-2.1843,25,9.403170e+01,3644.9,3976.9,80.2
0,104,1189732,8,41.4773,4963.10,0.3951,34.23,8.1911,23,3.619120e+01,3287.1,3718.4,34.2
0,106,1195144,7,40.6489,4912.22,2.4216,207.56,-3.2764,20,1.020410e+01,3197.1,3723.6,207.6
0,106,1195308,8,45.6370,5203.27,1.5949,144.82,4.9147,16,1.421270e+01,3718.5,3636.7,144.8
0,107,1198096,8,41.8517,4984.76,0.8049,70.02,-1.3652,22,2.191950e+01,3325.5,3712.7,70.0
0,107,1198096,8,43.7612,5227.26,1.3968,127.42,-6.2798,21,4.416600e+01,3614.4,3774.2,127.4
0,107,1198096,8,41.2338,5323.80,0.6984,64.89,3.5495,18,1.733610e+01,3508.8,4003.3,64.9
0,108,1200884,8,47.5696,5202.68,0.3549,32.22,-0.5461,51,1.000000e+02,3840.0,3510.2,32.2
0,108,1200884,8,41.9008,5301.83,0.9060,83.83,6.5529,20,2.920650e+01,3540.3,3945.7,83.8
0,108,1200720,7,38.6180,4934.52,0.8603,74.09,-8.1911,16,5.343630e+00,3079.4,3855.0,74.1
0,110,1206296,7,41.2003,4961.51,1.4993,129.82,-6.8259,18,6.238310e+00,3267.0,3731.8,129.8
0,111,1209248,8,42.7142,4985.48,0.5515,47.99,-6.0068,17,9.540860e+00,3381.7,3662.9,48.0
0,111,1209248,8,44.1350,5178.44,1.3132,118.68,-5.1877,14,9.795060e+00,3605.1,3715.6,118.7
0,113,1214824,8,43.9964,5437.42,0.6122,58.09,4.6416,22,3.610350e+01,3776.7,3911.4,58.1
0,114,1217612,8,48.0220,5032.98,0.0047,0.41,0.5461,54,1.000000e+02,3741.5,3366.3,0.4
0,114,1217448,7,41.8883,4964.45,0.9847,85.31,-1.6382,18,6.575150e+00,3314.2,3695.2,85.3
0,115,1220400,8,43.8123,5414.55,0.8251,77.97,-3.2764,25,1.000000e+02,3748.1,3906.8,78.0
0,115,1220400,8,42.7395,4967.29,1.0826,93.85,-4.0956,23,2.989220e+01,3370.5,3647.6,93.9
0,116,1223188,8,42.8894,5158.98,1.5324,137.97,-10.6484,24,6.761830e+01,3509.9,3778.5,138.0
0,116,1223188,8,44.9084,5421.41,1.3381,126.60,-6.0068,24,3.876400e+01,3826.3,3838.6,126.6
0,116,1223188,8,43.7235,4988.49,0.5031,43.81,-7.3720,23,3.809180e+01,3447.8,3605.0,43.8
0,118,1228764,8,45.6368,5296.22,1.0358,95.74,4.9147,22,4.629750e+01,3785.8,3702.5,95.7
0,118,1228764,8,43.9364,5419.14,0.9371,88.63,7.0990,20,1.980360e+01,3759.6,3901.9,88.6
0,118,1228764,8,45.2876,4988.35,4.3259,376.27,2.1843,17,7.196670e+00,3534.9,3499.5,376.3
0,119,1231552,8,43.7769,5253.68,1.9002,174.20,-9.8293,21,3.315100e+01,3632.8,3791.3,174.2
0,119,1231552,8,44.2454,5395.35,0.4363,41.09,7.6450,20,2.891010e+01,3764.4,3864.9,41.1
0,120,1234340,8,43.6458,5277.16,1.2727,117.21,1.3652,23,5.021180e+01,3641.4,3817.7,117.2
0,121,1237128,8,43.3655,5293.39,1.4204,131.22,-2.1843,20,1.905230e+01,3633.6,3847.0,131.2
0,122,1239916,8,43.6983,5274.19,1.1548,106.30,6.0068,20,2.032870e+01,3643.0,3812.4,106.3
0,123,1242704,8,43.9376,5348.39,1.2085,112.80,5.1877,25,7.828280e+01,3710.3,3850.5,112.8
0,124,1245492,8,45.9816,5342.72,0.9636,89.85,3.2764,20,3.934280e+01,3841.5,3712.1,89.8
0,124,1245492,8,44.0082,5269.84,1.4491,133.27,7.0990,19,1.169320e+01,3660.1,3789.1,133.3
0,125,1248280,8,49.2355,5077.72,0.2155,19.10,-0.8191,34,1.000000e+02,3845.8,3315.5,19.1
0,125,1248280,8,44.1325,5253.93,1.7403,159.55,2.4573,26,9.545820e+01,3656.7,3769.2,159.6
0,126,1251068,8,41.5826,5234.56,0.2640,24.12,0.8191,39,1.000000e+02,3474.1,3915.4,24.1
0,126,1251068,8,45.6511,5230.08,2.3696,216.24,6.0068,18,1.104530e+01,3736.8,3652.8,216.2
0,127,1253856,8,44.4550,5225.27,1.7300,157.75,7.3720,24,2.064150e+01,3657.8,3728.1,157.7
0,128,1256644,8,44.3204,5204.18,1.9829,180.07,3.5495,24,7.707730e+01,3633.8,3721.1,180.1
0,129,1259432,8,45.2383,5199.49,2.2453,203.71,4.9147,26,7.351440e+01,3689.0,3658.5,203.7
0,130,1262220,8,43.0178,5438.29,0.4617,43.82,-11.1945,16,1.186050e+01,3710.0,3976.0,43.8
0,131,1265008,8,44.7705,5205.34,1.8913,171.79,-4.9147,21,1.998090e+01,3664.0,3693.4,171.8
0,132,1267796,8,46.2715,5202.13,0.0169,1.54,0.5461,54,1.000000e+02,3759.2,3595.9,1.5
0,133,1270584,8,45.6661,5252.61,2.5594,234.56,-8.4642,24,4.030640e+01,3753.3,3667.1,234.6
0,134,1273372,8,45.9011,5272.67,1.8002,165.64,-2.7304,22,4.703150e+01,3784.6,3667.4,165.6
0,134,1273372,8,43.1389,5515.24,0.0470,4.52,-3.8225,21,4.057880e+01,3771.2,4024.5,4.5
0,134,1273372,8,43.3420,5230.90,1.8716,170.84,8.4642,17,9.091660e+00,3588.3,3802.2,170.8
0,135,1276160,8,45.3767,5224.13,2.2631,206.29,-1.6382,23,4.813600e+01,3715.3,3666.8,206.3
0,136,1278948,8,42.5360,5202.18,3.0574,277.46,-4.3686,18,1.847570e+01,3511.9,3827.8,277.5
0,136,1278948,8,47.5161,5223.21,0.9171,83.60,-4.6416,15,5.655160e+00,3851.5,3527.2,83.6
0,137,1281736,8,47.8981,5080.41,0.0209,1.86,-0.5461,54,1.000000e+02,3769.4,3406.2,1.9
0,138,1284524,8,48.0069,5079.00,0.0068,0.60,0.5461,57,1.000000e+02,3774.8,3398.1,0.6
0,139,1287312,8,45.9831,5203.21,1.4953,135.78,10.6484,14,3.774270e+00,3740.5,3614.3,135.8
0,140,1290100,8,43.5368,5296.32,1.3898,128.46,-7.0990,14,6.137100e+00,3647.1,3838.3,128.5
0,141,1292888,8,46.3703,5246.61,2.5824,236.39,-3.0034,28,1.000000e+02,3793.7,3616.5,236.4
0,142,1295676,8,46.0927,5250.11,2.3777,217.81,-4.0956,26,6.917160e+01,3779.3,3637.8,217.8
0,143,1298464,8,45.5922,5293.94,2.1273,196.51,5.4607,24,5.982160e+01,3779.3,3701.9,196.5
0,144,1301252,8,44.2180,5273.56,1.1239,103.44,3.8225,20,3.580770e+01,3677.0,3778.8,103.4
0,145,1304040,8,42.9836,5227.84,0.4343,39.63,-1.0921,21,4.051150e+01,3564.2,3824.3,39.6
0,146,1306828,8,45.4850,5252.69,3.4072,312.18,-2.1843,22,4.795220e+01,3738.9,3676.1,312.2
0,147,1309616,8,41.2826,5179.05,0.4711,42.58,-0.5461,50,1.000000e+02,3416.9,3891.7,42.6
0,147,1309616,8,45.3431,5271.53,3.0248,278.17,-3.8225,28,8.741830e+01,3744.6,3700.0,278.2
0,148,1312404,8,47.4330,5153.35,0.0836,7.52,0.8191,33,1.000000e+02,3795.4,3486.0,7.5
0,148,1312404,8,45.1963,5277.73,3.3824,311.39,-5.1877,23,3.984600e+01,3738.2,3712.6,311.4
0,148,1312404,8,41.4889,5177.37,0.3094,27.95,9.0102,22,3.919940e+01,3429.8,3878.2,28.0
0,149,1315028,7,43.2463,5201.48,0.3757,34.11,0.8191,17,1.000000e+02,3563.6,3788.8,34.1
0,150,1317980,8,44.3663,5323.35,1.9600,182.07,-4.0956,22,2.311240e+01,3720.1,3803.4,182.1
0,151,1320768,8,42.2486,5204.75,0.1719,15.61,-0.8191,29,1.000000e+02,3499.4,3852.7,15.6
0,151,1320768,8,44.7542,5297.49,2.3320,215.56,-1.6382,22,4.410740e+01,3726.7,3758.8,215.6
0,152,1323556,8,42.8408,5203.87,0.3209,29.14,-0.8191,32,1.000000e+02,3538.4,3815.7,29.1
0,153,1326344,8,44.2894,5200.39,0.3484,31.63,-16.6553,11,3.081920e+00,3631.3,3722.5,31.6
0,154,1329132,8,44.4262,5179.03,1.6345,147.73,-4.9147,13,4.821070e+00,3623.8,3697.1,147.7
0,155,1331756,7,42.5443,5319.74,3.5732,331.55,-3.5495,20,1.314910e+01,3590.0,3911.7,331.5
0,156,1334708,8,41.2226,5323.43,3.7480,347.99,-6.0068,21,2.249740e+01,3500.6,3995.5,348.0
0,156,1334708,8,43.2190,5323.98,2.4802,230.39,-6.0068,19,1.973620e+01,3642.4,3876.2,230.4
0,158,1340284,8,43.9280,5368.08,3.1981,299.47,13.3788,15,7.009150e+00,3718.3,3860.1,299.5
1,123,1241720,2,15.7742,3066.76,10.5506,561.53,0.8191,29,5.185370e+00,819.6,2901.4,561.5
1,123,1241884,3,21.0669,2682.88,12.0491,560.05,3.2764,20,1.952650e-01,943.1,2448.4,560.1
1,124,1244508,2,16.0844,3065.98,8.0110,427.29,0.8191,33,1.684130e+01,841.1,2917.2,427.3
1,124,1244672,3,16.8096,3065.83,12.3080,653.53,0.8191,28,5.205000e+00,866.2,2867.4,653.5
1,125,1247296,2,17.4762,3065.49,7.4080,395.24,-2.4573,17,4.410690e-01,912.9,2899.6,395.2
1,126,1250248,3,18.0282,3066.74,13.9854,741.15,-2.7304,21,8.193640e-01,921.0,2829.7,741.2
1,127,1253036,3,19.0999,3089.15,11.8425,633.96,-1.9113,30,6.475580e+00,989.3,2857.0,634.0
1,128,1255824,3,19.6423,3089.92,7.7180,414.97,-0.8191,32,1.949620e+01,1029.3,2883.8,415.0
1,130,1261400,3,21.6095,3090.29,11.4131,611.51,-1.0921,30,9.173110e+00,1115.6,2816.3,611.5
1,131,1264352,4,23.0510,3090.73,10.6002,568.55,-1.9113,32,8.964490e+00,1189.5,2795.4,568.6
1,132,1267140,4,23.8889,3112.76,10.3146,557.35,-3.8225,27,5.232820e+00,1240.2,2800.1,557.3
1,133,1269928,4,24.5079,3113.95,10.2107,552.00,-3.0034,31,6.779840e+00,1271.3,2788.5,552.0
1,133,1269928,4,22.5963,2634.44,5.6862,261.02,7.6450,18,8.013490e-02,1007.3,2420.2,261.0
1,134,1272716,4,25.4160,3115.22,9.3758,507.50,-3.8225,32,1.299610e+01,1319.2,2776.1,507.5
1,134,1272552,3,22.2206,2634.29,8.1060,371.45,-1.6382,18,1.006410e-01,986.3,2414.3,371.4
1,135,1275504,4,25.6462,3137.13,10.9237,594.49,-6.2798,17,6.076290e-01,1333.2,2776.8,594.5
1,136,1278292,4,26.7925,3161.40,9.5517,524.60,-6.0068,23,2.765220e+00,1405.3,2782.9,524.6
1,138,1284032,5,29.6906,3186.32,9.3369,516.95,-6.8259,22,1.941690e+00,1557.3,2731.3,516.9
1,139,1286820,5,30.1194,3210.15,8.9746,500.77,-7.6450,28,7.163510e+00,1591.1,2742.7,500.8
1,140,1289608,5,31.0965,3234.02,8.5675,481.79,-7.3720,27,4.196520e+00,1651.7,2738.4,481.8
1,141,1292396,5,31.3370,3257.64,8.8972,503.83,-7.6450,29,7.535520e+00,1673.8,2748.9,503.8
1,142,1295184,5,32.2642,3281.12,8.5484,487.72,-7.3720,28,8.481090e+00,1732.1,2743.7,487.7
1,143,1298136,6,33.9069,3305.03,8.3524,480.09,-7.6450,26,4.014710e+00,1824.1,2713.9,480.1
1,144,1300924,6,33.5478,3328.42,8.2206,475.91,-8.1911,23,3.839210e+00,1820.5,2745.5,475.9
1,145,1303712,6,34.5981,3352.50,7.8520,458.00,-7.0990,23,3.356190e+00,1885.8,2733.8,458.0
1,146,1306500,6,36.0322,3354.55,8.0268,468.42,-7.6450,24,4.866200e+00,1953.9,2686.2,468.4
1,147,1309288,6,35.1991,3378.09,8.4678,497.44,-9.5563,22,2.860480e+00,1926.0,2730.3,497.4
1,149,1315028,7,38.7495,3427.31,8.3612,498.37,-4.9147,24,4.065560e+00,2122.4,2644.5,498.4
1,150,1317816,7,38.6864,3449.39,7.5754,454.74,-4.3686,30,1.485130e+01,2137.2,2669.0,454.7
1,151,1320604,7,39.1891,3451.58,8.0221,481.68,-6.5529,29,1.144790e+01,2159.6,2649.0,481.7
1,152,1323392,7,40.7624,3475.11,7.5336,455.61,-7.3720,25,7.263290e+00,2249.4,2609.4,455.6
1,153,1326180,7,39.4289,3497.69,7.6302,464.42,-5.7338,14,9.052410e-01,2201.8,2677.7,464.4
1,154,1328968,7,40.7798,3521.33,8.2267,503.87,-4.6416,25,8.283540e+00,2276.3,2639.0,503.9
1,155,1331756,7,41.0946,3545.22,8.4096,518.49,-8.4642,23,6.131650e+00,2305.2,2643.0,518.5
1,156,1334708,8,42.8093,3569.18,7.4201,460.94,-9.0102,23,4.308900e+00,2405.2,2596.5,460.9
1,157,1337496,8,43.5408,3593.42,7.2430,453.05,-9.2833,26,9.294320e+00,2455.6,2584.0,453.1
1,158,1340284,8,43.6583,3617.34,7.6213,479.75,-10.1024,22,5.818380e+00,2475.2,2593.9,479.7
1,159,1343072,8,44.2892,3642.42,7.0384,446.32,-10.9215,23,5.042130e+00,2524.3,2587.7,446.3
1,160,1345860,8,44.3812,3666.91,6.3392,404.88,-10.1024,26,1.105560e+01,2549.1,2604.7,404.9
1,161,1348648,8,45.8005,3713.00,6.6906,432.59,-11.1945,26,9.483550e+00,2643.8,2570.9,432.6
1,162,1351436,8,45.7984,3737.39,6.3367,412.50,-13.1058,17,3.134350e+00,2662.9,2589.7,412.5
1,162,1351436,8,45.9397,3329.41,4.0184,233.32,-1.3652,15,6.114700e-01,2386.7,2309.6,233.3
1,163,1354224,8,46.5399,3784.62,6.3857,420.93,-12.5597,23,9.009190e+00,2730.0,2587.1,420.9
1,164,1357012,8,47.1046,3810.06,5.7809,383.77,-11.7406,22,7.453960e+00,2777.0,2580.2,383.8
1,165,1359964,9,47.8417,3834.98,6.6405,443.47,-12.5597,23,8.956050e+00,2823.8,2556.7,443.5
1,166,1362752,9,49.0036,3881.81,6.3421,428.81,-11.7406,17,3.351590e+00,2911.9,2530.9,428.8
1,167,1365540,9,50.8668,3906.97,6.0972,414.98,-10.9215,23,9.626770e+00,3013.4,2451.8,415.0
1,168,1368328,9,49.5596,3952.58,5.7660,397.10,-12.0136,24,1.238230e+01,2993.0,2550.9,397.1
1,168,1368328,9,50.9765,4290.06,3.0043,224.84,-11.4676,13,2.421150e+00,3328.3,2697.5,224.8
1,169,1371116,9,50.6671,3978.08,5.8064,402.45,-12.8327,22,9.037020e+00,3061.2,2508.5,402.5
1,171,1376692,9,50.7862,4050.91,4.8834,344.85,-15.5631,23,1.426610e+01,3127.2,2551.8,344.8
1,172,1379480,9,51.1753,4098.45,5.1232,365.99,-14.7440,22,1.433810e+01,3180.2,2559.2,366.0
1,172,1379480,9,51.0837,4313.72,5.4719,411.34,6.8259,14,3.182370e+00,3341.1,2697.5,411.3
1,173,1382268,9,51.2032,4145.26,4.8884,353.24,-13.6519,22,9.844530e+00,3219.0,2587.8,353.2
1,174,1385220,10,53.5432,4168.76,5.9823,434.47,2.7304,19,5.403370e+00,3334.7,2463.7,434.5
1,175,1387844,9,51.7807,4219.59,4.2764,314.65,-15.2901,18,7.302530e+00,3305.9,2603.3,314.6
1,176,1390632,9,51.7555,4265.06,4.0778,303.30,-16.6553,18,6.572100e+00,3341.2,2633.5,303.3
1,177,1393420,9,52.1710,4313.14,4.1918,315.27,-15.5631,15,3.456220e+00,3397.6,2638.2,315.3
1,178,1396208,9,50.4877,4361.59,6.6648,506.21,-17.7474,17,5.473400e+00,3342.2,2756.3,506.2
1,178,1396372,10,52.4304,4339.32,4.2359,320.51,-17.4744,15,3.174110e+00,3430.0,2638.6,320.5
1,179,1398996,9,51.8730,4409.48,4.4854,344.84,-18.8396,19,8.130240e+00,3458.1,2714.1,344.8
1,180,1401784,9,52.2353,4458.12,3.9520,307.25,-19.9317,20,1.222260e+01,3515.9,2723.8,307.3
1,181,1404736,10,52.8625,4528.97,4.2842,338.33,-19.6587,19,7.024810e+00,3600.4,2726.6,338.3
1,182,1407360,9,51.0536,3978.04,4.6375,321.63,2.4573,21,1.014420e+01,3083.7,2492.4,321.6
1,184,1412772,8,44.7895,4122.20,0.9800,70.50,2.7304,17,6.000820e+00,2903.7,2925.1,70.5
1,184,1412772,8,46.5680,3690.42,1.5951,102.73,4.6416,13,6.637180e-01,2678.9,2536.2,102.7
1,185,1415560,8,46.1833,3665.86,1.4060,89.95,2.4573,19,4.345410e+00,2644.3,2537.3,89.9
1,185,1415724,9,49.5566,3954.45,6.1965,426.84,-4.6416,17,2.527030e+00,2991.9,2550.3,426.8
1,187,1421136,8,47.4813,4265.33,0.8538,63.55,10.3754,11,1.508610e+00,3143.4,2882.3,63.6
2,0,899124,4,24.6316,3931.20,0.0266,1.82,-0.5461,59,1.000000e+02,1638.5,3573.5,1.8
2,1,901912,4,24.6186,3931.14,0.0041,0.28,0.5461,59,1.000000e+02,1637.6,3573.8,0.3
2,2,904700,4,24.6060,3931.16,0.0084,0.58,-0.5461,58,1.000000e+02,1636.8,3574.2,0.6
2,3,907488,4,24.6111,3931.17,0.0143,0.98,-0.5461,59,1.000000e+02,1637.2,3574.0,1.0
2,5,913064,4,24.6282,3931.18,0.0282,1.93,0.5461,58,1.000000e+02,1638.2,3573.6,1.9
2,6,915852,4,24.6289,3931.14,0.0120,0.82,-0.5461,57,1.000000e+02,1638.3,3573.5,0.8
2,7,918640,4,24.6320,3931.16,0.0361,2.48,0.5461,60,1.000000e+02,1638.5,3573.4,2.5
2,8,921428,4,24.6078,3931.22,0.0183,1.25,-0.5461,59,1.000000e+02,1637.0,3574.2,1.3
2,9,924216,4,24.6097,3931.23,0.0237,1.63,-0.5461,59,1.000000e+02,1637.1,3574.1,1.6
2,10,927004,4,24.5992,3931.19,0.0241,1.65,-0.5461,59,1.000000e+02,1636.4,3574.4,1.7
2,11,929792,4,24.5956,3931.18,0.0188,1.29,0.5461,59,1.000000e+02,1636.2,3574.5,1.3
2,12,932580,4,24.5942,3931.21,0.0242,1.66,0.5461,59,1.000000e+02,1636.1,3574.6,1.7
2,13,935368,4,24.6114,3931.17,0.0032,0.22,0.5461,60,1.000000e+02,1637.2,3574.0,0.2
2,14,938156,4,24.6093,3931.21,0.0271,1.86,0.5461,58,1.000000e+02,1637.1,3574.1,1.9
2,16,943732,4,24.6007,3931.20,0.0304,2.09,0.5461,59,1.000000e+02,1636.5,3574.4,2.1
2,17,946520,4,24.6191,3931.17,0.0082,0.56,0.5461,59,1.000000e+02,1637.7,3573.8,0.6
2,18,949308,4,24.6070,3931.16,0.0038,0.26,-0.5461,59,1.000000e+02,1636.9,3574.2,0.3
2,19,952096,4,24.6132,3931.14,0.0005,0.04,0.5461,58,1.000000e+02,1637.3,3574.0,0.0
2,20,954884,4,24.6102,3931.19,0.0167,1.14,-0.5461,59,1.000000e+02,1637.1,3574.1,1.1
2,21,957672,4,24.6513,3931.19,0.0189,1.29,-0.5461,58,1.000000e+02,1639.7,3572.9,1.3
2,22,960460,4,24.6328,3931.22,0.0444,3.05,0.5461,60,1.000000e+02,1638.5,3573.5,3.0
2,23,963248,4,24.6451,3931.17,0.0119,0.81,0.5461,59,1.000000e+02,1639.3,3573.1,0.8
2,24,966036,4,24.6334,3931.20,0.0176,1.21,-0.5461,59,1.000000e+02,1638.6,3573.4,1.2
2,26,971612,4,24.6508,3931.17,6.6208,0.00,-0.5461,59,1.000000e+02,1628.7,3549.1,453.3
2,27,974400,4,24.6534,3931.24,0.0356,2.44,-0.5461,59,1.000000e+02,1639.8,3572.9,2.4
2,28,977188,4,24.6531,3931.21,0.0112,0.77,0.5461,60,1.000000e+02,1639.8,3572.9,0.8
2,29,979976,4,24.6642,3931.19,0.0144,0.99,-0.5461,58,1.000000e+02,1640.5,3572.5,1.0
2,30,982764,4,24.6544,3931.18,0.0118,0.81,0.5461,58,1.000000e+02,1639.9,3572.8,0.8
2,31,985552,4,24.6382,3931.17,0.0010,0.07,-0.5461,59,1.000000e+02,1638.9,3573.3,0.1
2,32,988340,4,23.9074,4074.79,1.3107,93.21,58.7030,10,1.061100e+01,1650.9,3724.2,93.2
2,33,991128,4,24.6677,3931.17,0.0016,0.11,0.5461,59,1.000000e+02,1640.7,3572.4,0.1
2,34,993916,4,22.5825,3570.73,5.5960,348.19,53.7883,16,6.406200e-01,1364.7,3281.2,348.2
2,36,999492,4,24.6829,3931.21,0.0111,0.76,0.5461,59,1.000000e+02,1641.7,3572.0,0.8
2,37,1002280,4,24.6963,3931.23,0.0205,1.40,-0.5461,58,1.000000e+02,1642.5,3571.7,1.4
2,38,1005068,4,24.7066,3931.25,0.0229,1.57,-0.5461,59,1.000000e+02,1643.2,3571.4,1.6
2,39,1007856,4,24.7015,3931.19,0.0169,1.16,0.5461,59,1.000000e+02,1642.8,3571.5,1.2
2,40,1010644,4,24.6984,3931.18,0.0193,1.33,-0.5461,59,1.000000e+02,1642.6,3571.6,1.3
2,41,1013432,4,24.6761,3931.22,0.0302,2.07,0.5461,59,1.000000e+02,1641.2,3572.2,2.1
2,42,1016220,4,24.6970,3931.17,0.0145,1.00,-0.5461,59,1.000000e+02,1642.5,3571.6,1.0
2,43,1019008,4,24.6919,3931.21,0.0194,1.33,-0.5461,59,1.000000e+02,1642.2,3571.8,1.3
2,44,1021796,4,24.6658,3931.26,0.0308,2.11,0.5461,58,1.000000e+02,1640.6,3572.6,2.1
2,45,1024584,4,24.6766,3931.19,0.0115,0.79,-0.5461,58,1.000000e+02,1641.3,3572.2,0.8
2,46,1027372,4,24.6294,3931.22,0.0311,2.14,0.5461,59,1.000000e+02,1638.3,3573.6,2.1
2,47,1030160,4,24.6420,3931.19,0.0135,0.92,0.5461,58,1.000000e+02,1639.1,3573.2,0.9
2,47,1030324,5,29.6340,4218.64,0.9538,70.23,-52.9692,15,3.318630e+00,2085.7,3666.3,70.2
2,48,1032948,4,24.6591,3931.22,0.0576,3.96,0.5461,59,1.000000e+02,1640.2,3572.7,4.0
2,49,1035736,4,24.6544,3931.20,0.0134,0.92,-0.5461,59,1.000000e+02,1639.9,3572.8,0.9
2,51,1041312,4,24.6063,3931.21,0.0059,0.40,0.5461,58,1.000000e+02,1636.9,3574.2,0.4
2,53,1046888,4,24.5834,3931.28,0.0162,1.11,0.5461,59,1.000000e+02,1635.5,3574.9,1.1
2,54,1049676,4,24.5971,3931.24,0.0013,0.09,-0.5461,59,1.000000e+02,1636.3,3574.5,0.1
3,0,899124,4,21.4961,5126.30,0.3228,28.88,8.1911,13,3.587780e+01,1878.4,4769.7,28.9
3,2,904700,4,22.6607,5111.67,0.4333,38.66,5.7338,24,1.000000e+02,1969.3,4716.9,38.7
3,3,907488,4,21.0229,5083.91,0.0969,8.60,0.8191,24,1.000000e+02,1823.8,4745.5,8.6
3,4,910276,4,22.8457,5127.62,0.1736,15.54,0.8191,26,1.000000e+02,1990.8,4725.4,15.5
3,5,913064,4,22.0693,5109.85,0.2489,22.20,5.7338,22,1.000000e+02,1919.9,4735.4,22.2
3,6,915852,4,22.4922,5110.00,0.4328,38.60,7.0990,24,1.000000e+02,1954.8,4721.2,38.6
3,7,918640,4,22.0075,5108.74,0.0287,2.56,-8.1911,22,1.000000e+02,1914.4,4736.5,2.6
3,8,921428,4,22.5036,5107.77,0.2007,17.89,8.1911,17,7.925730e+01,1954.9,4718.8,17.9
3,10,927004,4,23.1988,5129.95,0.3918,35.08,0.8191,23,1.000000e+02,2020.8,4715.1,35.1
3,11,929792,4,21.8788,5125.04,0.0819,7.33,5.7338,23,1.000000e+02,1909.8,4755.9,7.3
3,12,932580,4,22.5429,5109.70,0.1300,11.59,5.7338,24,1.000000e+02,1958.9,4719.3,11.6
3,13,935368,4,22.6891,5128.29,0.2175,19.47,0.8191,28,1.000000e+02,1978.1,4731.4,19.5
3,14,938156,4,22.5075,5134.19,0.0638,5.72,-0.8191,22,1.000000e+02,1965.4,4743.1,5.7
3,15,940944,4,22.9962,5131.33,0.0656,5.88,3.5495,21,1.000000e+02,2004.7,4723.5,5.9
3,17,946520,4,22.6987,5125.28,0.4203,37.59,5.7338,23,1.000000e+02,1977.7,4728.2,37.6
3,18,949308,4,22.7919,5126.92,0.7216,64.56,4.6416,21,1.000000e+02,1985.9,4726.2,64.6
3,19,952096,4,22.9038,5128.84,0.3766,33.71,0.8191,27,1.000000e+02,1996.0,4724.4,33.7
3,21,957672,4,22.4782,5128.19,0.4409,39.47,-8.1911,17,4.657830e+01,1960.6,4738.4,39.5
3,22,960460,4,22.8348,5126.18,0.1073,9.60,4.6416,22,1.000000e+02,1989.3,4724.4,9.6
3,23,963248,4,22.6941,5125.56,0.6609,59.12,-8.1911,18,8.867380e+01,1977.4,4728.4,59.1
3,24,966036,4,22.8968,5126.61,0.2340,20.93,5.7338,23,1.000000e+02,1994.6,4722.6,20.9
3,25,968824,4,22.5303,5131.18,0.5198,46.55,3.5495,21,1.000000e+02,1966.0,4739.4,46.6
3,26,971612,4,21.8188,5108.96,0.1664,14.84,-0.8191,24,1.000000e+02,1898.9,4743.0,14.8
3,28,977188,4,22.3393,5128.41,0.2642,23.65,4.6416,18,9.391840e+01,1949.2,4743.5,23.6
3,29,979976,4,22.5011,5110.69,0.2060,18.37,5.7338,21,1.000000e+02,1955.9,4721.6,18.4
3,29,979976,4,20.5762,5277.09,0.3374,31.08,43.6859,13,9.108200e+01,1854.6,4940.4,31.1
3,30,982764,4,21.7582,5107.76,0.3857,34.39,-8.1911,19,8.596420e+01,1893.4,4743.8,34.4
3,31,985552,4,20.8481,5079.80,0.0916,8.12,0.8191,26,1.000000e+02,1807.9,4747.2,8.1
3,32,988340,4,22.4827,5127.40,0.7262,64.99,4.6416,20,1.000000e+02,1960.6,4737.3,65.0
3,33,991128,4,22.1579,5106.11,0.2049,18.26,0.8191,28,1.000000e+02,1925.8,4729.0,18.3
3,34,993916,4,22.6368,5109.19,0.1408,12.56,5.7338,23,1.000000e+02,1966.5,4715.6,12.6
3,35,996704,4,22.4075,5125.33,0.5833,52.18,4.6416,18,8.025820e+01,1953.6,4738.1,52.2
3,37,1002280,4,23.2206,5129.62,0.6734,60.29,0.8191,22,1.000000e+02,2022.3,4713.8,60.3
3,39,1007856,4,22.8759,5132.19,0.5434,48.68,3.5495,21,1.000000e+02,1995.0,4728.3,48.7
3,40,1010644,4,23.0475,5126.25,0.1201,10.75,0.8191,25,1.000000e+02,2006.9,4717.1,10.7
3,41,1013432,4,22.2878,5130.63,0.2185,19.56,7.0990,18,5.471440e+01,1945.8,4747.3,19.6
3,42,1016220,4,21.9760,5105.58,0.3210,28.60,-0.8191,24,1.000000e+02,1910.6,4734.5,28.6
3,43,1019008,4,21.8968,5107.95,0.4270,38.07,-8.1911,16,4.248760e+01,1904.9,4739.3,38.1
3,45,1024584,4,21.8753,5129.86,0.0493,4.42,4.6416,15,4.039670e+01,1911.3,4760.5,4.4
3,46,1027372,4,22.5984,5110.32,0.1899,16.94,7.0990,21,1.000000e+02,1963.7,4717.9,16.9
3,47,1030160,4,23.1551,5128.59,0.3705,33.16,0.8191,25,1.000000e+02,2016.6,4715.4,33.2
3,48,1032948,4,22.3827,5109.80,0.1969,17.56,5.7338,22,1.000000e+02,1945.8,4724.8,17.6
3,49,1035736,4,22.5515,5126.44,0.3082,27.58,5.7338,25,1.000000e+02,1966.0,4734.4,27.6
3,49,1035736,4,20.7671,5391.98,0.2899,27.28,16.3822,10,3.846270e+01,1911.8,5041.6,27.3
3,50,1038524,4,22.5938,5108.92,0.1434,12.79,4.6416,19,1.000000e+02,1962.8,4716.8,12.8
3,52,1044100,4,22.4344,5127.40,0.2213,19.80,-10.3754,19,1.000000e+02,1956.7,4739.3,19.8
3,54,1049676,4,22.9877,5126.51,0.1829,16.36,-8.1911,19,1.000000e+02,2002.1,4719.4,16.4
3,55,1052464,4,22.4781,5125.38,0.2704,24.19,-4.6416,17,8.149900e+01,1959.6,4735.9,24.2
3,56,1055252,4,21.7516,5106.75,0.0399,3.56,-0.8191,26,1.000000e+02,1892.5,4743.1,3.6
3,57,1058040,4,22.1799,5129.30,0.2891,25.88,3.5495,20,1.000000e+02,1936.4,4749.7,25.9
4,26,972924,12,67.3736,5249.18,2.9857,273.41,-4.3686,19,1.063270e+01,4838.6,2016.7,273.4
4,28,978500,12,66.6593,5275.74,4.4141,406.04,-4.6416,19,1.038180e+01,4829.6,2084.0,406.0
4,29,981288,12,67.9284,5300.54,3.7684,348.37,-4.9147,19,1.295170e+01,4901.5,1987.5,348.4
4,30,984076,12,63.0070,5245.88,2.8200,258.09,7.0990,22,3.776820e+01,4668.7,2378.1,258.1
4,32,989652,12,66.5447,5301.12,3.6973,341.84,-3.0034,21,2.392280e+01,4853.0,2105.6,341.8
4,32,989488,11,61.5119,5201.72,1.2757,115.81,8.1911,17,1.722110e+01,4570.7,2480.5,115.8
4,33,992440,12,66.3351,5317.03,3.9249,363.95,-4.6416,22,2.107940e+01,4858.5,2129.2,363.9
4,34,995228,12,64.3423,5255.46,3.5858,328.69,-5.1877,26,1.000000e+02,4728.0,2271.1,328.7
4,34,995228,12,67.3162,5326.26,3.2785,304.61,-6.2798,21,1.936250e+01,4906.2,2050.7,304.6
4,35,998016,12,66.7052,5276.15,4.2233,388.55,-7.6450,19,1.238300e+01,4832.9,2080.9,388.6
4,36,1000804,12,65.3190,5348.08,4.3302,403.80,-10.6484,27,8.135280e+01,4845.6,2226.8,403.8
4,37,1003592,12,63.8356,5323.37,4.5000,417.67,-10.1024,16,6.021340e+00,4763.2,2340.1,417.7
4,38,1006380,12,64.6503,5369.41,5.0402,471.73,-4.6416,26,6.625620e+01,4833.6,2290.0,471.7
4,40,1011956,12,63.6357,5418.27,5.1494,486.31,-10.9215,22,2.365800e+01,4835.1,2396.4,486.3
4,41,1014744,12,64.2261,5373.25,3.5165,329.57,-2.7304,21,3.397900e+01,4829.6,2332.0,329.6
4,42,1017532,12,64.4760,5393.50,4.4505,418.53,-6.0068,24,3.808660e+01,4852.4,2317.0,418.5
4,42,1017532,12,63.9448,5276.63,6.2175,571.48,3.8225,17,7.016190e+00,4712.5,2304.1,571.5
4,43,1020156,11,63.1920,5514.35,4.4415,427.04,-15.0170,15,6.827640e+00,4906.9,2479.5,427.0
4,44,1023108,12,66.2063,5442.86,4.9597,470.56,-10.3754,16,1.158420e+01,4961.6,2187.7,470.6
4,45,1025896,12,63.2840,5608.94,5.3558,523.54,-18.0204,15,8.849720e+00,4988.3,2510.6,523.5
4,46,1028684,12,66.2609,5395.90,3.6969,347.92,-3.5495,17,1.185390e+01,4929.1,2167.7,347.9
4,47,1031472,12,65.1906,5414.51,4.8557,458.32,-2.4573,17,1.175460e+01,4897.2,2263.8,458.3
4,47,1031472,12,64.3850,5705.02,6.8230,677.77,-10.3754,15,8.535610e+00,5107.9,2448.9,677.8
4,48,1034096,11,63.2415,5518.03,5.6294,541.28,-5.7338,20,2.565490e+01,4903.4,2472.4,541.3
4,48,1034260,12,61.9418,5518.13,3.9186,377.11,-4.9147,19,1.914540e+01,4858.2,2589.5,377.1
4,49,1037048,12,65.8649,5132.06,2.1775,195.00,-0.8191,50,1.000000e+02,4680.1,2096.9,195.0
4,49,1037048,12,62.8263,5537.13,4.7131,454.97,-4.9147,25,9.124520e+01,4909.3,2520.2,455.0
4,49,1037048,12,66.0704,5485.46,3.0998,296.62,-13.6519,22,3.309670e+01,5006.6,2221.7,296.6
4,50,1039836,12,67.6106,5177.78,2.7976,252.71,0.8191,52,1.000000e+02,4781.8,1969.9,252.7
4,51,1042624,12,65.3282,5103.99,2.0480,182.40,-0.8191,50,1.000000e+02,4635.1,2129.1,182.4
4,51,1042460,11,61.7284,5080.78,1.5108,133.95,0.8191,41,1.000000e+02,4473.1,2405.7,134.0
4,52,1045248,11,61.3233,5009.90,0.5486,47.97,0.5461,53,1.000000e+02,4395.2,2404.0,48.0
4,52,1045412,12,65.7798,5129.62,2.1124,189.07,-0.8191,50,1.000000e+02,4674.9,2103.0,189.1
4,52,1045576,13,69.6954,5225.70,3.5594,324.43,0.8191,47,1.000000e+02,4891.5,1809.9,324.4
4,53,1048364,13,69.2550,5055.49,2.7245,240.31,-0.5461,60,1.000000e+02,4722.4,1788.7,240.3
4,53,1048200,12,65.1566,5107.96,1.8837,167.90,0.8191,47,1.000000e+02,4632.8,2144.9,167.9
4,53,1048036,11,62.0659,5085.41,1.4737,130.79,0.8191,46,1.000000e+02,4491.4,2381.5,130.8
4,53,1048200,12,66.0829,5274.14,5.9371,545.54,-9.2833,18,1.446620e+01,4795.4,2126.7,545.5
4,54,1050988,12,67.7180,5178.31,2.7588,249.24,-0.8191,53,1.000000e+02,4786.1,1961.2,249.2
4,54,1050988,12,66.0767,5302.23,3.2917,304.45,-11.4676,24,3.762770e+01,4838.7,2146.6,304.5
4,54,1050988,12,66.3835,5486.97,2.3987,229.65,-9.2833,20,2.576490e+01,5023.0,2196.2,229.6
4,55,1053940,13,69.1211,5202.92,3.1784,288.48,0.8191,49,1.000000e+02,4853.8,1851.4,288.5
4,55,1053776,12,67.1138,5512.09,3.0910,297.22,-8.1911,25,7.071360e+01,5070.8,2140.5,297.2
4,56,1056564,12,63.6149,5366.93,3.3559,314.17,-3.5495,20,2.340860e+01,4799.6,2381.0,314.2
